,abbv,term
0,PTA,purified terephthalic acid
1,PSAs,Pension Scheme Arrangements
2,HACCP,Hazard Analysis Critical Control Point
3,STID,scientific and technical information and documentation
4,BISE,Biodiversity Information System for Europe
5,PSP,Paralytic Shellfish Poison
6,ECRIS,European Criminal Records Information System
7,ECVAM,European Centre on Validation of Alternative Methods
8,WISE,Water Information System for Europe
9,DF,Deterioration factor
10,CSFs,Community support frameworks
11,ECAI,external credit assessment institution
12,AIE,Agricola Industriala Emiliana
13,CFI,Court of First Instance
14,CARL,current annual real losses
15,IPS,institutional protection scheme
16,GRAHS,Gulf of Riga Acoustic Herring Survey
17,IFRS,International Financial Reporting Standard
18,CoC,Certificate of Conformity
19,SS,SE0000120669 SSABA
20,EMF,Energy measuring function
21,LEI,Legal Entity Identifier
22,OCR,Overall capital requirement
23,EPA,Economic Partnership Agreement
24,WNV,West Nile Virus
25,WIV,Wetenschappelijk Instituut Volksgezondheid
26,IAEA,International Atomic Energy Agency
27,ENP,European Neighbourhood Policy
28,CMS,Cytoplasmic Male Sterility
29,APUs,Auxiliary Power Units
30,IETM,Informal European Theatre Meeting
31,BTI,binding tariff information
32,EPR,engine pressure ratio
33,OD,optical density
34,SS,SP SR
35,EHDB,European Hull Data Base
36,MIMD,Multiple Instruction Multiple Data
37,KNIC,Korean National Insurance Company
38,UNHDI,United Nations Human Development Index
39,GMOs,Genetically Modified Organisms
40,GWP,global warming potential
41,IRMM,Institute of Reference Materials and Measurements
42,TRI,TVV Republic of Indonesia
43,ERDMS,European Reference Data Management System
44,RSL,road speed limiter
45,SFM,Sustainable Forest Management
46,ECSA,European Community Shipowners Associations
47,SGP,Stability and Growth Pact
48,BITS,Baltic International Trawl Survey
49,MEIP,market economy investor principle
50,EDI,Electronic Data Interchange
51,HFID,Heated Flame Ionisation Detector
52,DGPZ,Directoraat Generaal Politieke Zaken
53,MIGs,main industrial groupings
54,OECD,Organisation for Economic Co-operation and Development
55,ACARE,Advisory Council for Aeronautics Research in Europe
56,VHS,Viral haemorrhagic septicae-mia
57,TEM,Turbine Engineering Manufacturing
58,CFD,computational fluid dynamics
59,AAD,audible alarm devices
60,SA,Standardised approach
61,RFBs,Regional Fishery Bodies
62,CSMs,common safety methods
63,FFAs,Forward Freight Agreements
64,VHS,Viral haemorrhagic septicaemia
65,RGB,Reconnaissance General Bureau
66,RM,Regulated Market
67,IEDs,Improvised Explosive Devices
68,ICCPR,International Covenant on Civil and Political Rights the
69,RGS,Registratiecommissie Geneeskundig Specialisten
70,ERSAD,European Railway Stations Accessibility Database
71,OIS,overnight index swap
72,CLRV,Cherry leaf roll virus
73,ERA,environment risk assessment
74,ODA,Official Development Assistance
75,CSD,central securities depository
76,IMA,Integrated Modular Avionic
77,WL,Word Length
78,TPC,Transmit Power Control
79,ISPM,International Standard for Phytosanitary Measures
80,SSRUs,Small Scale Research Units
81,COPDs,chronic obstructive pulmonary diseases
82,ES,end of sampling
83,RDAs,recommended daily allowances
84,MOCVD,Metal organic chemical vapour deposition
85,AOR,automated order routers
86,EEBD,Emergency escape breathing devices
87,MEPC,Marine Environment Protection Committee
88,MODU,mobile offshore drilling units
89,SDM,SORTBROGET DANSK MALKERACE
90,MSIMD,Multiple Single Instruction Multiple Data
91,AG,According to Gildemeister
92,DE,D'APPLICATIONS ET
93,GRI,general rate increase
94,SNS,Sole Net Survey
95,FP,FR0000130577 PUB
96,DGES,Directoraat Generaal Europese Samenwerking
97,SME,small or medium-sized enterprise
98,MTG,MODERN TIMES GROUP
99,EDTA,Endocrine Disrupter Testing and Assessment
100,DTC,diagnostic trouble code
101,HCl,Hydrogen chloride
102,SCAN,Scientific Committee for Animal Nutrition
103,AIP,Air Independent Propulsion
104,IRR,Internal rate of return
105,BCE,BCE CT Equity
106,IKA,IDRYMA KOINONIKON ASFALISEON
107,EDs,endocrine disrupters
108,ARC,airworthiness review certificate
109,MRLs,Maximum residue levels
110,MCH,mean corpuscular haemoglobin
111,ESRB,European Systemic Risk Board
112,EMMI,European Money Markets Institute
113,MPE,mean photo effect
114,SAFA,Safety Assessment of Foreign Aircraft
115,NOTE,NUMBER OF THE EXIT
116,TYMC,Total yeast and mould count
117,STM,supplementary trade mechanism
118,QCS,Quality Certification Services
119,NA,NL0000334118 ASM
120,BRP,Benthos release panel
121,SML,specific migration limits
122,IFCD,interface and functionalities control document
123,ELIA,European League of Institutes of the Arts
124,EDF,Electricité de France
125,BTS,Beam Trawl Survey
126,HC,HCconce= concentration of
127,PSC,Points of Single Contact
128,EAGGF,European Agricultural Guidance and Guarantee Fund
129,BVSc,Bachelor of Veterinary Science
130,ERGEG,European Regulators Group for Electricity and Gas
131,SWD,staff working document
132,CCE,current counterparty exposure
133,VN,Viet Nam
134,MRLs,maximum residue levels
135,RBr,RETAIL BROKERAGE
136,GATT,General Agreement on tariffs and trade
137,TDI,tolerable daily intakes
138,SSR,Stichting Studiecentrum Rechtspleging
139,AECS,auxiliary emission control strategy
140,BBP,benzyl butyl phthalate
141,DE,DEFINITION EAU-DE-VIE
142,IAASB,International Auditing and Assurance Standards Board
143,AOCS,American Oil Chemists Society
144,ADNA,Average daily notional amount
145,USA,United States of America
146,HA,high annoyance
147,BA,British Airways
148,ATCS,Automatic Train Control System
149,HL,heading line
150,SDSs,safety data sheets
151,HFID,HC-analysis with the flame ionization detector
152,NDC,nationally determined contribution
153,ERDF,European Regional Development Fund
154,IA,included in Annex
155,GN,gill nets
156,LDP,Low Default Portfolios
157,CFU,colony forming units
158,IPL,intense pulsed light
159,VTS,vessel traffic services
160,AMPs,accepted market practices
161,ECDIS,Electronic Chart Display and Information System
162,NEPT,new exporting producer treatment
163,CoC,Committee of Contributors
164,VAT,Value added tax
165,EV,enterprise value
166,IFCD,Interface and Functionalities Control Document
167,KIS,Kmetijski inštitut Slovenije
168,OO,OO OO o o
169,MRCVS,Membership of the Royal College of Veterinary Surgeons
170,DGIS,Directoraat Generaal Internationale Samenwerking
171,NGN,next generation networks
172,SEAir,South East Asian Airlines
173,VAT,Value Added Tax
174,FEFC,Far Eastern Freight Conference
175,SA,State aid
176,CCNR,Central Commission for Navigation on the Rhine
177,SE,Societas Europaea or
178,DE,DESIGNATION EXACTE
179,MPC,Maximum permissible concentration
180,EAGF,European Agricultural Guarantee Fund
181,GMO,genetically modified organism
182,MTD,Maximum tolerated dose
183,PAR,precision approach radar
184,NGA,next generation access
185,PAC,pulverised activated carbon
186,POY,PARTIALLY ORIENTED YARN
187,CERs,certified emission reductions
188,UDS,UNSCHEDULED DNA SYNTHESIS
189,MFIs,monetary financial institutions
190,IA,IN ANNEX
191,FPGAs,Field Programmable Gate Arrays
192,HLDTs,Handcrafted luminous discharge tubes
193,VRN,vehicle registration number
194,UCITS,Undertaking for Collective Investment in Transferable Securities
195,OO,OO OO
196,CEP,Circle of Equal Probability
197,CT,computer tomography
198,DA,de amonio
199,ALI,airworthiness limitation item
200,EBL,electronic bearing line
201,CPC,Committee for the Protection of Competition
202,OJT,On the Job Training
203,ESDF,Economic and Social Development Fund
204,DT,dilution tunnel
205,ECF,energy calculation function
206,ICES,International Council for the Exploration of the Seas
207,TS,test solution
208,ITAB,INTERNATIONAL TRANS AIR BUSINESS
209,UDS,Unscheduled DNA Synthesis
210,GSI,gear shift indicators
211,DIC,dissolved inorganic carbon
212,TSIs,Technical specifications for interoperability
213,CPC,certificates of professional competence
214,CVD,Chemical vapour deposition
215,CBMs,Confidence Building Measures
216,CR,CAPITAL REQUIREMENTS
217,FIU,financial intelligence unit
218,SMS,Safety Management System
219,FCTC,Framework Convention on Tobacco Control
220,IPI,Iranian Pharmaceuticals Inc.
221,CBZ,College Bouw Ziekenhuisvoorzieningen
222,SCCS,Scientific Committee on Consumer Safety
223,DPD,Deutscher Paket Dienst
224,SDR,special drawing rights
225,MDF,Medium density fibreboard
226,MDA,maximum distributable amount
227,TRF,Total Reduction Factor
228,FPDC,Food Procurement and Distribution Centre
229,CDS,credit default swap
230,ToR,terms of reference
231,BaA,Benzo a ) anthracene
232,DSP,Diarrhetic Shellfish Poison
233,CSMs,common safety methods 
234,GMDSS,Global Maritime Distress and Safety System
235,CAA,Crypto Approval Authority
236,ΟΕΟΠ,Οίνος Ελεγχόμενης Ονομασίας Προέλευσης
237,UCITS,undertaking for collective investment in transferable securities
238,SEER,Seasonal energy efficiency ratio
239,NSAs,national statistical authorities
240,MCV,mean corpuscular volume
241,WFP,World Food Programrhe
242,CVD,Chemical Vapour Deposition
243,MCCs,material changes in circumstances 
244,BSE,Bovine Spongiform Encephalopathy
245,SA,Sodexho Alliance
246,OECD,Organization for Economic Cooperation and Development
247,EB,Exploding bridge
248,VC,Vinyl chloride
249,BEPS,Base Erosion and Profit Shifting
250,RBDV,Raspberry bushy dwarf virus
251,ATA,automatic tracking aid
252,VRD,vehicle registration data
253,VDR,voyage data recorder
254,UCC,Union Carbide Corporation
255,INNs,international non-proprietary names
256,CW,Chemical warfare
257,SUMP,Sustainable Urban Mobility Plan
258,SPF,seasonal performance factor
259,FISIM,Financial intermediation services indirectly measured
260,CEVd,Citrus exocortis viroid
261,BSE,bovine spongiform encephalitis
262,SRD,Short Range Devices
263,SS,SE0000193120 SHBA
264,MT,mértékben tűzveszélyes
265,VRS,Voluntary Retirement Scheme
266,AIFMs,alternative investment fund managed by
267,GT,general total
268,AEBS,Advanced Emergency Braking Systems
269,AVCP,assessment and verification of constancy of performance
270,PSV,Polished stone value
271,PECS,Predicted environmental concentration in soil
272,OEHHA,Office of Environmental Health Hazard Assessment
273,IOTC,Indian Ocean Tuna Commission
274,SSRC,Scientific Studies and Research Centre
275,VARI,Valvole Aerosol Research Italiana
276,ARPA,Automatic radar plotting aid
277,SP,sampling probes
278,CSDs,central securities depositories
279,BV,Bureau Veritas
280,IRBA,Independent Regulatory Board for Auditors
281,IRKK,internationale Røde Kors Komité
282,PAP,public access profile
283,HACCP,hazard analysis and critical control points
284,PDOs,protected designations of origin
285,WCO,World Customs Organisation
286,VOCs,volatile organic compounds
287,MMAD,mass median aerodynamic diameter
288,MRLs,Maximum Residue Limits
289,PAC,Pacific Accreditation Cooperation
290,NIFs,Note issuance facilities
291,CPL,commercial pilot licence
292,CRAs,credit rating agencies
293,MPE,Maximum Permissible Error
294,BRV,Blackcurrant reversion virus
295,LGD,loss given default
296,RM,Registered Midwife
297,FLEG,Forest Law Enforcement and Governance
298,PIF,photo irritation factor
299,EVC,EFTA Veterinary Committee
300,SDR,Software Defined Radio
301,WLR,Wholesale Line Rental
302,RS,Register of Shipping
303,NCAs,national competent authorities
304,FSM,Federated States of Micronesia
305,IP,increase its prices in the
306,FPOi,floating point operations
307,MAS,Maritime assistance services
308,SRM,specified risk material
309,UCTE,Union for the Coordination of Transmission of Electricity
310,TOC,Total organic carbon
311,STM,Supplementary Trade Mechanism
312,ICR,Internal Control Regulations
313,NA,NL0006034001 ASML
314,EIA,Environmental Impact Assessment
315,SFPs,Structured Finance Products
316,VHS,viral haemorrhagic septicaemia
317,VDK,VERKAUFSGEMEINSCHAFT DEUTSCHER KALIWERKE
318,BCC,Barakat Computer Consulting
319,RICS,Royal Institution of Chartered Surveyors
320,RIS,river information services
321,RFMO,Regional Fisheries Management Organisation
322,IPLCs,international private leased circuits
323,TER,transcutaneous electrical resistance
324,UK,United Kingdom and
325,MIC,minimum inhibitory concentration
326,LT,longitudinal tilt
327,ESFS,European System of Financial Supervisors
328,EAF,economic accounts for forestry
329,BAT,best available techniques from
330,EFSF,European Financial Stability Facility
331,AMA,Advanced measurement approaches
332,IHN,Infectious haematopoetic necrosis
333,GSP,generalised system of preferences
334,SED,Structured Electronic Document
335,WMD,Weapons of Mass Destruction
336,LAC,LIGNES AÉRIENNES CONGOLAISES
337,BIA,Basic Indicator approach
338,GBAE,General Bureau of Atomic Energy
339,CPA,closest point of approach
340,ITTO,International Tropical Timber Organisation
341,NOx,nitrogen oxides
342,ETNS,European Telephony Numbering Space
343,TN,Total Nitrogen
344,JI,joint implementation
345,INN,international non-proprietary names
346,IAS,International Accounting Standards
347,CSV,Centraal Stikstof Verkoopkantoor
348,VaR,Value at Risk
349,EUAA,European Union Aviation Allowance
350,MCP,master control panel
351,FTB,Foreign Trade Bank
352,GOFI,General Organization of Food Industries
353,CSIs,common safety indicators
354,TSIs,Technical Specifications for Interoperability
355,CAC,Conformitas Agraria Communitatis
356,EIA,environmental impact assessment
357,CMM,co-ordinate measuring machines
358,AE,Alternative Energy
359,GFCM,General Fisheries Commission for the Mediterranean
360,GS,GROUP SOLVENCY
361,PGIs,protected geographical indications
362,IACS,Integrated Administration and Control System
363,BiH,Bosnia and Herzegovina
364,PTA,pure terephthalic acid
365,ECD,Economische Controle dienst
366,EPR,Extended Producer Responsibility
367,UCITS,undertakings for collective investments in transferable securities
368,APR,All Price Risk
369,MAEI,Ministry of Atomic Energy Industry
370,ACER,Agency for the Cooperation of Energy Regulators
371,PD,probability of default
372,CR,Capital Requirements
373,LLC,lowest lethal concentration
374,EBS,Electronic brake system
375,SFTs,securities financing transactions
376,NEAFC,North East Atlantic Fisheries Convention
377,CTPs,consolidated tape providers
378,MS,mass spectra
379,DPAs,Data Protection Authorities
380,SUMPs,sustainable urban mobility plans
381,CIS,Commonwealth of Independent States
382,FOB,functional observational battery
383,US,US8574771031 STT
384,CAP,Centro Addestramento Professionale
385,IC,Ice Classes
386,NVR,National Vehicle Register
387,RIS,River Information Services
388,PPR,Protection Products and their residues
389,SCP,Sustainable Consumption and Production
390,SIV,Società Italiana Vetro
391,MTFs,Multilateral Trading Facilities 
392,CoHA,Cessation of Hostilities Agreement
393,DS,directionally solidified
394,WFP,world Food Programme
395,PN,particles number
396,OO,oo oo
397,EUTL,European Union Transaction Log
398,ETCs,exchange traded commodities
399,EPGs,electronic programme guides
400,IM,Independent Monitoring
401,SPLDs,Simple Programmable Logic Devices
402,CCNR,Central Commission for the Navigation of the Rhine
403,BNWAS,Bridge navigational watch alarm system
404,RB,RETAIL BANKING
405,CTP,Consolidated Tape Provider
406,EAR,Elementos agrícolas reducidos
407,ES,EQUITY Santander
408,NS,Nederlandse Spoorwegen
409,LEI,Legal entity identifier
410,MFF,MULTIANNUAL FINANCIAL FRAMEWORK
411,BAC,Banking Advisory Committee
412,TSCR,Total SREP capital requirement
413,CSTs,Common Safety Targets
414,MEST,Mouse Ear Swelling Test
415,SPRL,siliconised polyester release liner
416,ISV,Intermediate Statements of Verification
417,GVWR,Gross Vehicle Weight Rating
418,UAVs,Unmanned Aerial Vehicles 
419,VINs,vehicle identification numbers
420,SA,standardised approaches
421,SOPs,standard operating procedures 
422,CEV,Carbon Equivalent Value
423,ICE,il Commercio Estero
424,OSH,occupational safety and health
425,TSI,technical specification for interoperability
426,SWD,staff working documents
427,CET,Central European Time
428,RSPO,Roundtable for Sustainable Palm Oil
429,RATE,RECORDED AT THE EXCHANGE
430,PAHs,polycyclic aromatic hydrocarbons
431,IG,Implementation Guidance
432,TC,temperature control
433,EGC,exhaust gas cleaning
434,TSCR,Total SREP Capital Requirement
435,IORPs,institutions for occupational retirement provision
436,RID,road illumination devices
437,IPA,Instrument for Pre-Accession Assistance
438,LPG,liquid petroleum gas
439,RDM,ROED DANSK MALKERACE
440,EUS,Epizootic ulcerative syndrome
441,OG,Offene Gesellschaft
442,EBF,European Banking Federation
443,KP,kilometre point
444,SCI,Site of Community Importance
445,OECD,Organisation for Economic Cooperation and Development
446,SFA,Supervisory Formula Approach
447,CQS,credit quality steps
448,UNHCR,United Nations High Commissioner for Refugees
449,NDA,Nutrient dextrose agar
450,ADR,alternative dispute resolution
451,IICP,Incentives for International Competitiveness Programme
452,SDRs,Special drawing rights
453,DC,direct current
454,BCBS,Basel Committee on Banking Supervision
455,AV,AT0000937503 VOE
456,CACM,Central American Common Market
457,ES,Equity Spain
458,IEV,International electrotechnical vocabulary
459,HC,humidity correction for
460,SFT,Securities Financing Transactions
461,IMCIs,industrial monitoring and control instruments
462,LOEC,Lowest observed effect concentration
463,SCHER,Scientific Committee on Health and Environmental Risks
464,EC,EUROPEAN COMMUNITY
465,EDBI,Export Development Bank of Iran
466,ISM,International Safety Management
467,SSR,Secondary surveillance radar
468,EEA,European Economic Area the
469,NPAA,national programme for the adoption of the acquis
470,CER,Certified Emission Reductions
471,AIS,Automatic Identification System
472,OEM,Original equipment manufacturer
473,BBSRC,Biotechnology and Biological Sciences Research Council
474,FAP,Fatty acid profiling
475,NADA,National Aerospace Development Administration
476,PECS,Predicted environmental concentrations in soil
477,SSC,send sequence counter
478,ICT,information and communication technology
479,SER,Sociaal Economische Raad
480,YPGA,Yeast Peptone Glucose Agar
481,GT,Gross tonnage
482,ADT,Average daily turnover
483,FID,Flame Ionisation Detector
484,NCPB,National Cereals and Produce Board
485,BIA,BASIC INDICATOR APPROACH
486,ASAs,ammunition storage areas 
487,OCL,overhead contact line
488,LPA,Latvian Privatization Agency
489,FIUs,Financial Intelligence Units
490,GD,Guidance Document
491,INS,inertial navigation systems
492,ISTA,International Seed Testing Association
493,CRS,Catholics Relief Service
494,ECCP,European Climate Change Programme
495,SALW,Small Arms and Light Weapons
496,PAM,Programme alimentaite mondial
497,CAC,Codex Alimentarius Commission
498,CRS,certified reference substances
499,ECEC,effective cation exchange capacity
500,BCF,bulked continuous filament
501,IRR,internal rate of return
502,GSI,GEAR SHIFT INDICATORS
503,ERUs,emission reduction units
504,DME,Distance Measuring Equipment
505,SCBA,self-contained compressed-air-operated breathing apparatus
506,DJIA,Dow Jones Industrial Average
507,ANP,Aircraft Noise and Performance
508,CSR,corporate social responsibility
509,URN,Uniform Resource Name
510,RBr,Retail Brokerage
511,INN,International Non-proprietary Name
512,SVC,Spring viraemia of carp
513,PAM,Programme ahmentaire mondial
514,SCLs,specific concentration limits
515,US,United States
516,PDP,Positive Displacement Pump
517,CSI,Container Security Initiative
518,ETCs,Exchange Traded Commodities
519,RAS,Radio Astronomy Service
520,JCCC,Joint Customs Cooperation Committee
521,AG,account of Gildemeister
522,EPWC,eco programme water consumption
523,ΔΔΣΠ,Διακλαδική Διεύθυνση Στρατιωτικών Πληροφοριών
524,REIT,Real Estate Investment Trust
525,TP,Theoretical Performance
526,DUC,Determined Unit Cost
527,IIa,IN ICES DIVISIONS
528,PE,Periodic Evaluation
529,FDB,Fællesforeningen for Danmarks Brugsforeninger
530,HSC,high speed craft
531,IMF,International Monetary Fund
532,CIU,collective investment undertakings
533,MLS,Microwave Landing System
534,TSEs,transmissible spongiform encephalopathies
535,RIAI,Royal Institute of Architects of Ireland
536,CAS,Chemical Abstract Services
537,CBD,chronic beryllium disease
538,IIP,International investment position
539,AIF,alternative investment fund
540,FMUs,Forest Management Units
541,DT,degradation time
542,TI,technical information is on the
543,SEEMP,Ship Energy Efficiency Management Plan the
544,MSC,Maritime Safety Committee
545,EAR,Elementos agrícolas reduzidas
546,NPV,net present value
547,BAT,Best Available Techniques
548,VIN,vehicle identification number
549,ICP,inductively coupled plasma
550,FCGS,Flemish Cap Groundfish survey
551,EDP,Emission Durability Period
552,GSI,Gear shift indicator
553,LIU,Licence Information Unit
554,LLNA,Local Lymph Node Assay
555,IC,Interoperability constituents
556,SDR,Special drawing rights
557,US,US8679141031 STI
558,APRC,Annual percentage rate of charge
559,NCPPB,National Collection of Plant Pathogenic Bacteria
560,EPA,electronic plotting aid
561,PB,pressure blower
562,PTUW,Pocztowe Towarzystwo Ubezpieczeń Wzajemnych
563,CTP,Consolidated tape provider
564,HSEN,Harmonized System Explanatory Notes
565,CAP,Common Agricultural Policy
566,ACER,Agency for Cooperation of Energy Regulators
567,CLBV,Citrus leaf Blotch virus
568,SOPs,Standard operating procedures
569,EFRAG,European Financial Reporting Advisory Group
570,FAC,femur acceptability criterion
571,BIS,Bank of International Settlements
572,SA,Standardised Approach
573,DC,damping chamber
574,EETS,European Electronic Toll Service
575,EMP,electro magnetic pulse
576,JAA,Joint Aviation Authorities
577,IAA,Internal assessment approach
578,TPS,Train Protection system
579,CMCs,cash management companies
580,DEA,Direct Electronic Access
581,EMF,Energy measurement function
582,CAB,conformity assessment body
583,SDME,Speed and distance measuring equipment
584,EQS,ENVIRONMENTAL QUALITY STANDARDS
585,HF,Hydrogen Fluoride
586,ETNs,Exchange Traded Notes
587,DF,dilution factor
588,ES,ELECNOR S.A.
589,ORF,Oil Reserve Fund
590,TFG,Transitional Federal Government
591,ICRC,International Committee of the Red Cross
592,PPS,purchasing power standard
593,ESSC,European Statistical System Committee
594,CMR,coated mechanical reels
595,SA,Saudi Arabia
596,HSD,high sleep disturbance
597,PSI,public sector information
598,LA,Licensing Authorities
599,DSC,Dynamically Supported Craft
600,SMP,significant market power
601,ASV,air saturation value
602,APRC,annual percentage rate of charge
603,IAS,International Accounting Standard
604,SOPs,standard operating procedures
605,TPS,Train Protection System
606,IU,International Units
607,ILO,International Labour Organisation
608,HPLC,High Performance Liquid Chromatography
609,NHAS,NS Herring Acoustic Survey
610,ODF,optical distribution frame
611,INS,Inertial navigation systems
612,TED,Tenders Electronic Daily
613,FH,flight hours
614,MMAD,mass median aerodynamic diameters
615,MSPS,mega samples per second
616,UN,UN numbers
617,SWE,Simulated Work Environment
618,ECDIS,Electronic chart display and information system
619,IDA,Industrial Development Authority
620,ISGS,Islamic State in the Greater Sahara
621,IDE,intelligent dedicated equipment
622,ISP,isokinetic sampling probe
623,EC,examination certificate of
624,VoD,video on demand
625,SAC,Special Area of Conservation
626,DIN,Dissolved Inorganic Nitrogen
627,DTT,digital terrestrial television
628,NMa,Nederlandse Mededingingsautoriteit
629,IASC,International Accounting Standards Committee
630,IRUs,indefeasible rights of use
631,ICBN,International Code of Botanical Nomenclature
632,ADI,acceptable daily intake
633,FERA,Food and Environment Research Agency
634,FSC,Financial Supervision Commission
635,SR,sound ray
636,CISs,communication and information systems
637,GTN,GENERAL TECHNOLOGY NOTE
638,EUA,European unit of account
639,CSM,Common safety methods
640,APAs,approved publication arrangements
641,IRFNA,inhibited red fuming nitric acid
642,RCC,Regional Cooperation Council
643,CPC,Common Products Classification
644,EMA,European Medicines Agency
645,HPLC,HIGH PERFORMANCE LIQUID CHROMATOGRAPHY
646,NR,neutral red
647,DRSPs,data reporting services providers
648,CR,CREDIT RISK
649,CPVO,Community Plant Variety Office
650,EEA,European Environment Agency
651,IP,internet protocol
652,SS,SE0000310336 SWMA
653,CDE,Centre for Development of Enterprise
654,AOEL,Acceptable Operator Exposure Level
655,IIa,IV and ICES Division
656,ESD,Emission Scenario Document
657,ICS,Import Credit Scheme
658,IMV,Initial Market Valuation
659,BRNV,Black raspberry necrosis virus
660,AC,Access conditions
661,VDR,voyage data recorders
662,RMC,Ramped Modal Cycle
663,HCV,High Calorific Value
664,AG,aid for Gildemeister
665,NA,Nutrient Agar
666,OCT,overseas countries and territories
667,WTO,World Trade Organisation
668,VM,variation margin
669,GPC,Gel permeation chromatography
670,DC,DK0010181676 CARLB
671,FCC,Federal Communications Commission
672,SFN,Single Frequency Network
673,EC,establish the certificate of
674,ISR,international simple resale
675,ANC,acid neutralising capacity
676,SRD,Sectoral Reference Document
677,LAPL,light aircraft pilot licence
678,IC,Ice Class
679,CFV,Critical Flow Venturi
680,OTF,organised trading facility or
681,LEL,lower explosion limit
682,DCS,DIRECT CREDIT SUBSTITUTES
683,OSB,Oriented strand board
684,BCG,Barakat Consulting Group
685,TEFs,toxic equivalency factors
686,LCV,Low Calorific Value
687,CCGT,combined cycle gas turbines
688,PN,Particle Number
689,ADI,Acceptable Daily Intake
690,PBS,phosphate buffered saline
691,FRA,Forward Rate Agreement
692,BIA,Basic indicator approach
693,MTFs,multilateral trading facilities
694,FFT,Fast Fourier Transform
695,DVM,Degree in Veterinary Medicine
696,BECS,base emission control strategy
697,EAGGF,European Agriculture Guidance and Guarantee Fund
698,PAM,Programme alimentaire mondial
699,RSCs,regional sea conventions
700,NOx,nitrogen oxide
701,WIPO,World Intellectual Property Organisation
702,NAFO,Northwest Atlantic Fisheries Organisation
703,TM,towable mass
704,ASC,Air Safety Committee
705,ESCo,energy service company
706,NERA,National Economic Research Associates
707,EPPO,European Public Prosecutor Office
708,ISAs,International Standards on Auditing
709,RAT,Risk Analysis Tool
710,GDF,Gaz de France
711,EMFF,European Maritime and Fisheries Fund
712,SSPE,securitisation special purpose entity
713,UN,UMI46YPGBLUE4VGNNT48 NEE
714,DA,de anilina
715,AAUs,assigned amount units hereinafter
716,BNWAS,Bridge Navigational Watch Alarm System
717,BKD,Bacterial kidney disease
718,GIC,General Industry criteria
719,PE,Period Evaluation
720,MRL,Maximum Residue Limit
721,SCP,Scientific Committee on Plants
722,MAP,Multi-annual Action Plan
723,HAC,Head acceptability criterion
724,KNMI,Koninklijk Nederlands Meteorologisch Instituut
725,CNTD,controlled nucleation thermal deposition
726,NLS,NOXIOUS LIQUID SUBSTANCES
727,BCD,Binary Code Decimal
728,GAP,good agricultural practice
729,SEED,system for exchange of excise data
730,PSF,polyester staple fibres
731,GPA,Government Procurement Agreement
732,TSE,transmissible spongiform encephalopathy
733,SIT,silicon intensifier target
734,DG,Deutsche Genossenschaftsbank
735,ECCS,electrically chromium coated steel
736,TP,Total Phosphorus
737,UTIs,Unique Transaction Identifiers
738,RMSEP,root mean squared error of prediction
739,SEPA,Single Euro Payments Area
740,SPo,safety precautions for operators
741,PNR,Passenger Name Record
742,IOSA,IATA Operational Safety Audit
743,GSN,GENERAL SOFTWARE NOTE
744,LED,light emitting diodes
745,CGT,Compensated gross tonnage
746,ARC,AIRWORTHINESS REVIEW CERTIFICATE
747,DPO,Defensie Pijpleiding Organisatie
748,ICNCP,International Code of Nomenclature for Cultivated Plants
749,HIAST,Higher Institute for Applied Sciences and Technology
750,SSR,security sector reform
751,SLRV,Strawberry latent ringspot virus
752,ADR,Alternative dispute resolution
753,GMP,Good Manufacturing Practice
754,IA,IIn Annex
755,HCS,Heading control system
756,CFP,common fisheries policy
757,BT,bringing together
758,CTV,Citrus tristeza virus
759,TTCAs,title transfer collateral arrangements
760,PNR,passenger name record
761,POPs,Persistent Organic Pollutants Stockholm
762,EFI,Exploding foil initiators
763,EUMM,European Union Monitoring Mission
764,MB,mass balance
765,ESA,European Space Agency
766,ACAs,accession compensatory amounts
767,COD,chemical oxygen demand
768,NSSS,North Sea Sandeels Survey
769,OPL,Operational passenger limitation
770,DOC,dissolved organic carbon
771,BEICF,business environment and internal control factors
772,ISO,International Standards Organisation
773,ML,maximum level
774,EFIM,e Finanziamento Industria Manufatturiera
775,UNSC,United Nations Security Council
776,CoC,Certificates of competency
777,NGE,net grant equivalent
778,GLP,good laboratory practice
779,SAE,Society of Automotive Engineers
780,LED,light emitting diode
781,URG,UNITED REPROCESSORS GMBH
782,VAS,vehicle alarm systems
783,EEIG,European Economic Interest Grouping
784,UTS,ultimate tensile strength
785,MSI,marine safety information
786,TAC,total allowable catches
787,ESA,European Stabilisation Agreement
788,MIGA,Multilateral Investment Guarantee Agency
789,IC,integrated circuit
790,SC,substitution between CMR and
791,JRC,Joint Research Centre
792,AMC,acceptable means of compliance
793,NATO,North Atlantic Treaty Organization
794,SANS,Second Academy of Natural Sciences
795,SGEI,Service of General Economic Interest
796,GMHPs,GENETICALLY MODIFIED HIGHER PLANTS
797,EQF,European Qualifications Framework
798,EBA,European Banking Authority
799,NYHA,New York Heart Association
800,DRL,day-time running lights
801,OO,O OO
802,NBBE,Nederlands Bureau Brandweer Examens
803,SAA,Security Accreditation Authority
804,SIP,Seat index point
805,ESCB,European System of Central Banks
806,APIs,application programming interfaces
807,EC,environmental category of
808,GLP,Good Laboratory Practice
809,PCR,Polymerase chain reaction
810,ATR,Answer To Reset
811,HC,HC Caramiñal
812,NA,Nutrient agar
813,PTT,particulate transfer tube
814,FF,FF000000 to FFFFFFFF
815,VDR,voyage Data Recorder
816,HVD,High voltage diodes
817,APF,abdominal peak force
818,KHV,Koi herpes virus
819,ISA,Infectious Salmon Anemia
820,CGRMV,Cherry green ring mottle virus
821,EDI,electronic data interchange
822,PEEI,Principal European Economic Indicators
823,IOPP,international oil pollution prevention
824,MPE,Multiple Point of Entry
825,AEA,Association of European Airlines
826,RDC,rib deflection criterion
827,AETL,Acute Exposure Threshold Levels
828,ESAs,European Supervisory Authorities
829,EC,expenses with consolidated
830,RVCV,Raspberry vein chlorosis virus
831,LBT,Listen Before Talk
832,ADD,automatic dropping device
833,FID,flame ionization detector
834,DF,deterioration factor
835,EUAA,European Union Aviation Allowances
836,SRP,seat reference point
837,MIS,Metal Insulator Semiconductors
838,PDP,positive displacement pump
839,ATFM,Air Traffic Flow Management
840,ATMs,automated teller machines
841,OTMs,On track machines
842,EE,Equity Estonia
843,EFSA,European Food Safety Authority the
844,PDP,Positive displacement pumpThe
845,SRM,SACMA recommended methods
846,EBU,European Broadcasting Union
847,OIC,Orkney Islands Council
848,CAME,Continuing airworthiness management exposition
849,EIOPA,European Insurance and Occupational Pensions Authority
850,GMT,Greenwich Mean Time
851,CAB,conformity assessment bodies
852,SVA,Statens Veterinärmedicinska Anstalt
853,CFV,critical flow venturi
854,RCDS,Raster chart display system
855,ECU,electronic control units
856,PCR,polymerase chain reaction
857,LDS,Licentiate in Dental Surgery
858,OCT,overseas country or territory
859,EC,evolution coefficient
860,NOAEL,No Observed Adverse Effect Level
861,SCHER,Scientific Committee for Health and Environmental Risks
862,GPS,Global Positioning System
863,VOC,Volatile organic compound
864,NML,Nippon Motorola Ltd
865,SIS,Schengen Information System
866,MDIs,metered dose inhalers
867,IP,investigation period
868,QC,Quality control
869,FSS,fixed satellite service
870,EAFRD,European Agricultural Fund for Rural Development
871,DSL,digital subscriber line
872,SI,spark ignition
873,HIAS,horizontal inclination adjustment system
874,NSFL,National Swine Fever Laboratories
875,ECB,European Central Bank
876,EDM,Electrical discharge machines
877,IBTS,International Bottom Trawl Survey
878,DTC,Diagnostic trouble code
879,UIFN,Universal International Freephone Numbers
880,MPCC,Military Planning and Conduct Capability
881,TFIs,Transitional Federal Institutions
882,MTR,minimum technical requirements the
883,LCG,lead crystal glass
884,CIU,Collective investments undertakings
885,SCOEL,Scientific Committee on Occupational Exposure Limits
886,COD,Chemical oxygen demand
887,AIS,automatic identification systems
888,ISV,intermediate statement of verification
889,ATC,air traffic control
890,CN,Communities NegativePositive
891,NCB,national central bank
892,NTE,neuropathy target esterase
893,CAS,Chemical Abstracts Service
894,BSC,British Steel Corporation
895,MWD,Molecular weight distribution
896,WCL,World Confederation of Labour
897,MTF,multilateral trading facility or
898,SFTP,SSH File Transfer Protocol
899,SML,specific migration limit
900,ATPL,airline transport pilot licence
901,AD,airworthiness directive
902,AMPS,Aircraft Missile Protection Systems
903,CCT,Common Customs Tariff
904,IBA,ICE Benchmark Administration
905,HPAI,highly pathogenic avian influenza
906,GRF,Global Relief Foundation
907,PRRS,porcine reproductive and respiratory syndrome
908,ABS,Asset Backed Securities
909,AR,absolute risk
910,LEI,Legal Entity ID
911,MMIC,Microwave monolithic integrated circuits
912,NEMO,Network of European Museums Organisations
913,GNSS,Global Navigation Satellite Systems
914,UPW,Ultra pure water
915,DE,D'AFFILIATION ET
916,MFN,Most Favoured Nation
917,ENI,Ente Nazionale Idrocarburi
918,WDM,wavelength division multiplexing
919,PPL,private pilot licence
920,FCA,Freunds Complete Adjuvant
921,ISPM,International Standard of Phytosanitary Measures
922,BOD,biological oxygen demand
923,GDP,Gross Domestic Product
924,DC,Direct Current
925,IC,IC on the card and its
926,WT,Weighted TeraFLOPS
927,IAB,industry Advisory Board or
928,PPV,pay per view
929,SCG,Security Classification Guide
930,LDC,Low Duty Cycle
931,SECAs,SOx Emission Control Areas
932,OO,O O
933,NGL,natural gas liquids
934,IIa,IN ICES ZONES
935,EU,European Union
936,FI,flight instruction for the
937,ACPM,advisory committees on programme management
938,EFC,electronic flow compensation
939,OTF,organised trading facility
940,MSU,master set up unit
941,DYFS,Demersal Young Fish Survey
942,RFLP,Restriction fragment length polymorphism
943,ESMA,European Security and Markets Authority
944,ΤΕΕ,Τεχνικό Επιμελητήριο Ελλάδας
945,NeTEx,Network and Timetable Exchange
946,SS,SE0003366871 SAS
947,MLSS,mixed liquor suspended solids
948,KNIC,Korea National Insurance Corporation
949,RID,Road Illumination Devices
950,OCTs,Overseas countries of territories
951,MS,Member State
952,CAME,continuing airworthiness management exposition
953,MBAS,methylene blue active substance
954,SAL,Security Aspects Letter
955,CNTD,Controlled nucleation thermal deposition
956,ECE,Economic Commission for Europe
957,LQ,limiting quality
958,SSV,SSV sub-sonic venturi
959,CDE,Centre for the Development of the Enterprise
960,UKAEA,United Kingdom Atomic Energy Authority
961,IARC,International Agency for Research on Cancer
962,PMF,plasma master file
963,RFBs,regional fisheries bodies
964,AIS,Automatic identification system
965,SIR,Società Italiana Resine
966,CN,Combined Nomenclature
967,VHF,Very High Frequency
968,MC,mass of the combination
969,ECSA,European Community Shipowners Association
970,EMCDB,Elastomer Modified Cast Double Base
971,TOC,TOTAL ORGANIC CARBON
972,DECT,digital European cordless telecommunication
973,JRC,Joint Research Council
974,GNI,gross national income
975,SAFE,System for Aircrew Fatigue Evaluation
976,RUF,revolving underwriting facility
977,NN,NE NG
978,PIC,Prior Informed Consent
979,EAA,economic accounts for agriculture
980,EEA,European Economic Area
981,DIRE,Direct investment in the reporting economy
982,MET,market economy treatment
983,OIC,Orkney Island Council
984,HFID,heated flame ionisation detector
985,IRBA,Internal Ratings Based Approach
986,IC,inorganic carbon
987,ACS,Australian Customs Service
988,HPC,head performance criterion
989,EPA,Environmental Protection Agency
990,TFEU,Treaty of on the Functioning of the European Union
991,ECM,entity in charge of maintenance
992,ILI,Infrastructure Leakage Index
993,ICRP,International Commission on Radiological Protection
994,SORs,smart order routers
995,ECAI,External Credit Assessment Institution
996,TFT,thin film transistor
997,SMEs,smaller and medium-sized enterprises
998,CPC,Certificate of Professional Competence
999,EIV,Estimated Index Value
1000,ČVUT,České vysoké učení technické
1001,WCT,WIPO Copyright Treaty
1002,ICH,International Conference on Harmonisation
1003,PRC,People s Republic of China
1004,NA,NL0000303709 AGN
1005,EEV,enhanced environment-friendly vehicle
1006,ASP,Amnesic Shellfish Poison
1007,NZ,New Zealand
1008,TMDI,theoretical maximum daily intake
1009,UDS,Unscheduled DNA synthesis
1010,IFRS,international financial reporting standards
1011,PAHs,polycyclic aromatic hydrocarbons 
1012,CEMT,Conference of the European ministers of transport
1013,UPW,ultra pure water
1014,OTFs,organised trading facilities
1015,IBSFC,International Baltic Sea Fisheries Commission
1016,VOC,volatile organic compound
1017,ITE,Importing Tissue Establishment
1018,DTA,deferred tax assets
1019,HDP,High Default Portfolios
1020,VIN,Vehicle identification number
1021,BTU,BRITISH THERMAL UNIT*1
1022,DRF,D Reduction Factor
1023,CBSA,Canada Border Services Agency
1024,GMHP,genetically modified higher plants
1025,IHAR,Instytut Hodowli i Aklimatyzacji Roślin
1026,ELFAA,European Low Fares Airline Association
1027,DF,deterioration factors
1028,IPU,Integrated Police Unit
1029,CSD,Central Securities Depository
1030,EEE,electrical and electronic equipment
1031,TOS,Total Organic Solids
1032,LE,L'INDUSTRIE ET
1033,HDIGF,Hellenic Deposit and Investment Guarantee Fund
1034,EDA,European Defence Agency
1035,HFID,Heated flame ionisation detector
1036,SML,Service Metadata Location
1037,BfR,Bundesinstitut für Risikobewertung
1038,MSRC,Medische Specialisten Registratie Commissie
1039,KKBC,Korea Kwangson Banking Corporation
1040,CPV,Common Procurement Vocabulary
1041,OCTs,Overseas Countries and Territories
1042,CMS,capital markets services
1043,LSC,liquid scintillation counting
1044,ICES,International Council for the Exploration of the Sea
1045,MCHC,mean corpuscular haemoglobin concentration
1046,EUTL,European Union Transaction Log or
1047,GTR,Global Technical Regulation
1048,CF,CORPORATE FINANCE
1049,IFLs,international facilities licences
1050,EBU,European Barge Union
1051,LDZs,local distribution zones 
1052,RFMOs,regional fisheries management organisations
1053,GMPs,general medical practitioners
1054,FADs,fish aggregating devices
1055,AWU,annual work units
1056,BPL,balloon pilot licence
1057,ITEF,International Toxic Equivalent Factors
1058,SDS,Safety Data Sheet
1059,PPEs,Platinized platinum electrodes
1060,ADFVd,Apple dimple fruit viroid
1061,NC,NC Còdice
1062,VAT,value added tax
1063,GLP,GOOD LABORATORY PRACTICE
1064,LCD,liquid crystal display
1065,ANAP,Associazione Nazionale Addestramento Professionale
1066,HLSG,High Level Steering Group
1067,CISE,Common Information and Sharing Environment
1068,MEAs,multilateral environmental agreements
1069,CAR,Central African Republic
1070,CDA,Central Depositary Agency
1071,EMEP,European Monitoring and Evaluation Programme
1072,EMSA,European Maritime Safety Agency
1073,CDV,critical dilution volume
1074,AEC,Annual energy consumption
1075,FSPM,fire spreading prevention measures
1076,ATP,Automatic Train Protection
1077,GLP,Good laboratory practice
1078,MIC,minimum inhibition concentration
1079,ICT,information and communication technologies
1080,SDGs,Sustainable Development Goals
1081,FEI,Fédération Equestre Internationale
1082,MS,methane sulphonate
1083,ESS,Emergency Stop Signal
1084,CSM,common safety methods
1085,LSD,lumpy skin disease
1086,DTL,Deferred Tax Liabilities
1087,PPE,personal protective equipment
1088,SSB,spawning stock biomass
1089,CSDP,common security and defence policy
1090,ETNs,exchange traded notes
1091,FISIM,financial intermediation services indirectly measured
1092,ULV,ultra low volume
1093,DTCs,Diagnostic Trouble Codes
1094,MAS,Monetary Authority of Singapore
1095,AIS,automatic identification system
1096,PECA,Predicted environmental concentration in air
1097,RF,response factors
1098,RR,relative risk
1099,SC,surcharge cost
1100,IEC,International Electronics Commission
1101,FTE,full time equivalent
1102,CAD,Colour Assessment and Diagnosis
1103,MAQ,Minimum acceptable quantity
1104,RTP,reduced test package
1105,LRIT,long range identification and tracking
1106,FIFG,financial instrument for fisheries guidance
1107,CEF,Connecting Europe Facility
1108,UDS,unscheduled DNA synthesis
1109,NSAs,national security authorities
1110,NNG,Net nuclear grain
1111,PPR,protection products and their Residues
1112,NPU,net protein utilization
1113,WF,weighting factors
1114,CMS,Cytoplasmic male sterility
1115,TCB,Tanchon Commercial Bank
1116,SFA,Securities and Futures Act
1117,CPSS,Committee on Payments and Settlement Systems
1118,SCA,Surveillance and Court Agreement
1119,ESPO,European Sea Ports Organisation
1120,PER,protein efficiency ratio
1121,FPI,Foreign Policy Instruments
1122,EIFI,European Industrial Fasteners Institute
1123,RHLS,Rügen Herring Larvae Survey
1124,NRAs,national regulatory authorities
1125,NIST,National Institute of Standards and Technology
1126,PECsw,predicted environmental concentration in surface water
1127,CCS,China Classification Society
1128,MLS,microwave landing systems
1129,ESA,European System of Accounts
1130,IPPC,International Plant Protection Convention
1131,GGBs,Greek government bonds 
1132,GC,Gas Chromatograph
1133,DD,Degree in Dentistry
1134,VLA,Veterinary Laboratories Agency
1135,NOx,nitrogen oxides or 
1136,UAVs,Unmanned Aerial Vehicles “
1137,wFP,World Food Programme
1138,EC,European Community
1139,SA,STOLBERG AND
1140,EPAs,Economic Partnership Agreements
1141,CCFLs,cold cathode fluorescent lamps
1142,AMP,Accepted market practice
1143,EMS,energy measuring system
1144,HPLC,high performance liquid chromatography
1145,GNP,Gross National Product
1146,LoW,list of waste
1147,CEAOB,Committee of European Auditing Oversight Bodies
1148,HDDR,high density digital recording
1149,PCBs,Printed circuit boards
1150,STIDC,Scientific and Technical Information and Documentation Committee
1151,TAE,Tris Acetate EDTA
1152,PER,Packed Encoding Rules
1153,ECS,emission control strategy
1154,ESC,European Securities Committee
1155,PIN,personal identification number
1156,IRS,International Referral System
1157,SE,SWEDAVIA EKONOMI
1158,FDI,foreign direct investment
1159,ABS,Anti-Lock Braking System
1160,SRLD,Search and rescue locating devices
1161,CBD,Convention on Biological Diversity
1162,EITI,Extractive Industries Transparency Initiative
1163,MAQ,Minimum Acceptable Quantity
1164,VMS,vessel monitoring systems
1165,CS,cyclone separator
1166,RTS,Registratiecommissie Tandheelkundige Specialismen
1167,ND,national design
1168,SME,Small and Medium-sized Enterprises
1169,PIN,personal identification numbers
1170,CM,Common Manual
1171,CAO,Combined airworthiness organisation
1172,ESAs,European supervisory authorities the 
1173,EIB,European Investment Bank
1174,EEAS,European External Action Service
1175,PCI,percutaneous coronary intervention
1176,GTRs,Global Technical Regulations 
1177,ISV,intermediate statement verification
1178,NCE,new chemical entities
1179,IFRIC,International Financial Reporting Interpretations Committee s
1180,TIC,Theoretical inorganic carbon
1181,UK,United Kingdom
1182,SRF,solids removable by filtration
1183,EDF,European Development Fund
1184,GMPs,General medical practitioners
1185,GCG,Gas Coordination Group
1186,TLS,transmission line system
1187,CTU,Community tuberculin units
1188,TVO,Teollisuuden Voima Oyj
1189,ECUs,electronic control units
1190,GVM,gross vehicle mass
1191,CSIs,Common Safety Indicators
1192,NEDC,New European Driving Cycle
1193,CMF,Combined Maritime Forces
1194,DSB,Dispute Settlement Body
1195,UARL,unavoidable annual real losses
1196,EF,Event or fault
1197,EDP,emission durability period
1198,SME,small and medium enterprises
1199,INC,Inspectoratul Navigaţiei Civile
1200,PGI,protected geographical indication
1201,NAT,Nucleic Acid Test
1202,CV,coefficient of variation
1203,IMEI,International Mobile Equipment Identity
1204,SpA,subsidiary of Fiat Auto
1205,IHN,Infectious haematopoietic necrosis
1206,HI,Haemagglutination inhibition
1207,SA,Swift Armour
1208,IRU,Indefeasible Rights of Use
1209,ABS,American Bureau of Shipping
1210,ACPI,Advanced Configuration and Power Interface
1211,ESIS,European Standardised Information Sheet
1212,SMEs,small and medium-size enterprises
1213,VDK,Verkaufsgemeinschaft Deutscher Kaliwerke
1214,PLMVd,Peach latent mosaic viroid
1215,HS,Harmonized System
1216,PT,Produkt toksyczny
1217,IIW,International Institute of Welding
1218,SRM,Single Resolution Mechanism
1219,NMR,nuclear magnetic resonance
1220,ISA,infectious salmon anaemia
1221,TACs,Total Allowable Catches
1222,VIES,VAT Information Exchange System
1223,CRM,credit risk mitigation
1224,SOIF,strategy orders with implied functionality
1225,LPG,Liquefied Petroleum Gas
1226,JECFA,Joint Expert Committee on Food Additives
1227,OTF,Organised Trading Facility
1228,TDMs,triazole derivative metabolites
1229,IAP,Investment Attraction Programme
1230,TPSs,Train Protection Systems
1231,MANs,Metropolitan Area Networks 
1232,DTT,Digital Terrestrial Television
1233,VRD,Vehicle Registration Data
1234,ETC,European Transient Cycle
1235,NG,NATURAL GAS
1236,VIN,Vehicle Identification Number
1237,EF,ejection fraction
1238,CAPs,Corrective Action Plans 
1239,IMP,integrated Mediterranean programme
1240,EPA,Electronic plotting aid
1241,DM,D Millionen
1242,SSM,Single Supervisory Mechanism
1243,NC,NC Código
1244,PAM,Programma alimentare mondiale
1245,NCA,national competent authority
1246,TD,texture depth
1247,RFIDs,Radio Frequency Identification Devices
1248,HKG,Hochtemperatur- Kernkraftwerk GmbH
1249,MS,MS of submission is the
1250,EDTA,ethylene diamine tetraacetic acid
1251,PPS,protocol parameter selection
1252,CSTs,Common safety targets 
1253,DMUs,diesel motored units
1254,ALU,arithmetic logic unit
1255,WCO,Word Customs Organization
1256,SCF,Scientific Committee for Food
1257,TSIs,technical specifications for interoperability
1258,PSD,power spectral density
1259,TIN,Tax Identification Number
1260,SRT,sludge retention time
1261,DRC,Democratic Republic of the Congo
1262,HEV,Hybrid electric vehicle
1263,FOD,French overseas departments
1264,PIC,prior informed consent
1265,ESO,European Standards Organisation
1266,ISSB,Information Security Steering Board
1267,EPEC,Eco programme energy consumption
1268,BVMS,Bachelor of Veterinary Medicine and Surgery
1269,BPE,Barakat Post Express
1270,DTA,Deferred Tax Assets
1271,ENISA,European Network and Information Security Agency
1272,TG,Test Guideline
1273,PPA,polymerisation production aids
1274,PINs,Personal Identification Numbers
1275,ILO,International Labour Organization
1276,PDO,protected designations of origin
1277,SICCT,Shetland Islands Council Charitable Trust
1278,TEFs,Toxic Equivalency Factors
1279,MET,Market economy treatment
1280,ADNA,average daily notional amount
1281,MTD,Maximum Tolerated Dose
1282,AECS,auxiliary emission control strategies
1283,OCR,Overall Capital Requirement
1284,TFEU,Treaty on the Functioning of the European Union
1285,UK,UNITED KINGDOM
1286,SRMs,specified risk materials
1287,CAB,cellulose acetate butyrate
1288,FI,flight instructor
1289,TEU,Treaty on European Union
1290,ERCC,Emergency Response Coordination Centre
1291,NA,NL0010672325 AH
1292,HPC,HEAD PERFORMANCE CRITERION
1293,TT,transverse tilt
1294,ES,ENDESA SA
1295,CRS,certificate of release to service
1296,FSM,Fondation Secours Mondial
1297,AGT,average generation time
1298,IAA,INTERNAL ASSESSMENT APPROACH
1299,LNG,Liquefied Natural Gas
1300,CFC,channels of frequency class
1301,NCBs,national central banks
1302,LRCS,League of Red Cross Societies
1303,SVC,saturated vapour concentration
1304,SEMBs,stock exchange money brokers
1305,FID,Flame ionisation detector
1306,SS,SE0000171100 SSABA
1307,ECHR,European Court of Human Rights
1308,EDFs,European Development Funds
1309,CAPM,Capital Asset Pricing Model
1310,SP,sampling probe
1311,NNG,Net nuclear grains
1312,NCD,NOx Control Diagnostic
1313,ATA,Automatic tracking aid
1314,ENI,Ente Nationale Idrocarburi
1315,BOD,biochemical oxygen demand
1316,EUSR,European Union Special Representative
1317,ICE,IL COMMERCIO ESTERO
1318,SVI,sludge volume index
1319,RGN,Registered General Nurse
1320,BIA,Bakhtar Information Agency
1321,EFSI,European Fund for Strategic Investments
1322,WHC,water holding capacity
1323,TACs,total allowable catches
1324,NVQs,National Vocational Qualifications
1325,CSTs,common safety targets 
1326,БСВ,Благородно сладко вино
1327,GMOs,genetically modified organisms
1328,HS,Harmonised System
1329,NCM,NOx Control Malfunction
1330,BSE,bovine spongiform encephalopathy
1331,LDCs,least developed countries
1332,CEBS,Committee of European Banking Supervisors
1333,EP,exhaust pipe to
1334,GGS,Greenland Groundfish survey
1335,SHN,Stichting Halt Nederland
1336,ONP,open network provision
1337,PECSW,Predicted environmental concentration in surface water
1338,NTP,network termination point
1339,AC,Access Conditions
1340,EBW,Exploding bridge wire
1341,BPC,Biocidal Products Committee
1342,SMS,safety management system
1343,DF,Deuterium Fluoride
1344,RCDS,Raster Chart Display System
1345,IP,Internet Protocol
1346,SRN,Stichting Reclassering Nederland
1347,AFLP,Amplified fragment length polymorphism
1348,GAB,General Arrangements to Borrow
1349,CPC,Central Product Classification
1350,IRFNA,Inhibited Red Fuming Nitric Acid
1351,ATC,Acute Toxic Class
1352,OO,OO o o OO
1353,ISDN,Integrated Services Digital Network
1354,CRM,crew resource management
1355,CCT,COMMON CUSTOMS TARIFF
1356,SCEs,sister chromatid exchanges
1357,CT,computed tomography
1358,CWD,Cold Water Dispersion
1359,RNCB,Russian National Commercial Bank
1360,STU,separate technical unit
1361,REMA,Rotating Electrical Machines Association
1362,TWI,tolerable weekly intake
1363,GDMS,Glow discharge mass spectrometers
1364,HFID,Heated flame ionization detector
1365,ETC,EUROPEAN TRANSPORT COMMITTEE
1366,HSEN,Harmonised System Explanatory Notes
1367,DF,Deliverable forward
1368,HFO,Heavy Fuel Oil
1369,IP,Investigation period
1370,MFF,Multiannual Financial Framework
1371,NRU,neutral red uptake
1372,UNCCD,United Nations Convention to Combat Desertification
1373,SS,SE0000148884 SEBA
1374,GPC,gel permeation chromatography
1375,CPMP,Committee for Proprietary Medicinal Products
1376,APP,asset purchase programme
1377,FTEs,Full Time Equivalents the 
1378,EASA,European Aviation Safety Agency
1379,NBS,National Broadband Scheme
1380,HF,High Frequency
1381,ACLSV,Apple chlorotic leaf spot virus
1382,PDI,permissible daily intake
1383,ΕΑΑ,Εθνική Αρχή Ασφάλειας
1384,GC,Gas Chromatographic
1385,PFGE,Pulsed Field Gel Electrophoresis
1386,CoP,certificates of proficiency
1387,RSD,relative standard deviations
1388,IRIB,Islamic Republic of Iran Broadcasting
1389,RYNV,Rubus yellow net virus
1390,LNG,liquefied natural gas
1391,CEECs,central and eastern Europe countries
1392,FAO,Food and Agriculture Organization
1393,NSG,Nuclear Suppliers Group
1394,EF,elementary files
1395,LBIO,Landelijk Bureau Inning Onderhoudsbijdragen
1396,AAS,Atomic Absorption Spectrometry
1397,HGP,Hennessy Grading Probe
1398,RGE,Red Global Española
1399,LED,Light Emitting Diode
1400,MES,Marine Evacuation System
1401,FWHI,Full Width Half Intensity
1402,SOAP,Simple Object Access Protocol
1403,KP,KP Party
1404,TLAS,Timber Legality Assurance System
1405,WEEE,waste electrical and electronic equipment
1406,SAG,Servicio Agrícola y Ganadero
1407,CPEs,Customer premise equipment
1408,GMOs,genetically modified organisms 
1409,ADF,Automatic Direction Finding
1410,ETA,Estimated time of arrival
1411,NPD,Noise Power Distance
1412,ECCS,electrolytically chromium coated steel
1413,CPA,classification of products by activity
1414,CPC,Common Product Classification
1415,POPs,Persistent Organic Pollutants 
1416,EAR,Eléments agricoles réduits
1417,PRM,people with reduced mobility
1418,NG,nuclear grains
1419,ELA,Emergency Liquidity Assistance
1420,OPT,outward processing trade
1421,CW,continuous wave
1422,GNP,gross national product
1423,SCI,site of Community importance
1424,PSC,Political and Security Committee
1425,EP,Electrically powered
1426,BNYVV,Beet necrotic yellow vein virus
1427,IPCC,Intergovernmental Panel on Climate Change
1428,HF,Hydrogen fluoride
1429,TCS,traction control systems
1430,GMS,Global Manufacturing System
1431,PM,particulate matter
1432,UTPs,Uniform technical Prescriptions
1433,SALW,small arms and light weapons
1434,ECx,effect concentrations
1435,FAC,Femur acceptability criterion
1436,IWT,inland waterway transport
1437,PWS,Pressure Water Scrubbing
1438,BIS,Bank for International Settlements
1439,CTG,College Tarieven Gezondheidszorg
1440,RRD,Regulation on Retro-Reflective Devices
1441,EC,European Community the
1442,SDM,Sortbroget dansk maelkerace
1443,AIF,Alternative Investment Fund
1444,ISVs,intermediate statements of verification
1445,TAC,total allowable catch
1446,UMTS,universal mobile telecommunications system
1447,BD,border disease
1448,SEPR,Seasonal energy performance ratio
1449,CABs,conformity assessment bodies
1450,FRF,Fat Reduction Factor
1451,DA,de alquilplomo
1452,MBT,Multimedia Based Training
1453,OFA,Orkney Fisheries Association
1454,JRC,JOINT RESEARCH CENTRE
1455,EPS,Electronic Power Steering
1456,PBS,Phosphate buffered saline
1457,PRC,People s Republic of China the
1458,SEAFO,South East Atlantic Fisheries Organisation
1459,TAC,total available catch
1460,AOC,air operator certificate
1461,COPD,chronic obstructive pulmonary disease
1462,DA,de antimonio
1463,CRM,certified reference materials
1464,BTWC,Biological and Toxin Weapons Convention
1465,FH,filter holder
1466,ICAO,International Civil Aviation Organisation
1467,EAGGF,European Agriculture Guarantee and Guidance Fund
1468,CIG,Cassa Integrazioni Guadagni
1469,CVV,Citrus variegation virus
1470,IAS,Internal Audit Service
1471,ΕΑΑ,ΕΘΝΙΚΗ ΑΡΧΗ ΑΣΦΑΛΕΙΑΣ
1472,JMPR,Joint Meeting on Pesticide Residues
1473,CN,combined nomenclature
1474,ENS,European Night Services
1475,AMA,ADVANCED MEASUREMENT APPROACHES
1476,INN,international non-proprietary name
1477,FSC,Facility Security Clearance
1478,RH,relative humidity
1479,QA,quality assurance
1480,MSI,maritime safety information
1481,EG,Efficient Generation
1482,IRGC,Islamic Revolutionary Guard Corps
1483,EEBD,emergency escape breathing devices
1484,PPS,purchasing power standards
1485,CTP,Correlation Trading Portfolio
1486,FDM,flight data monitoring
1487,OEM,original equipment manufacturer
1488,SEMG,Somalia and Eritrea Monitoring Group
1489,AMP,accepted market practice
1490,CHED,Common Health Entry Document
1491,ILS,Instrument Landing System
1492,CMF,current measurement function
1493,VAS,Vehicle alarm systems
1494,APA,Approved Publication Arrangement
1495,TSI,target subsystems indicated in a
1496,CESR,Committee of European Securities Regulators
1497,BEREC,Body of European Regulators for Electronic Communications
1498,NALT,Nasal Associated Lymphoid Tissue
1499,CHP,combined heat and power
1500,CSMs,Common safety methods 
1501,EUBO,European Union Baroque Orchestra
1502,NCMs,NOx control malfunctions
1503,ESA,European Supervisory Authorities
1504,WEEE,Waste Electrical and Electronic Equipment
1505,CTP,consolidated tape provider
1506,IFR,instrumental flight rules
1507,NNG,net nuclear grain
1508,AIFM,Alternative Investment Fund Managers
1509,UAA,utilised agricultural area
1510,IMSI,International Mobile Subscriber Identity
1511,PCT,Patent Cooperation Treaty
1512,HTLV,Human T-cell lymphotropic viruses
1513,SMR,Senior Military Representative
1514,EUA,European units of account
1515,SPr,safety precautions for rodenticides
1516,SV,smoke values
1517,LGF,Loan Guarantee Facility
1518,VMF,voltage measurement function
1519,HPAIV,Highly Pathogenic Avian Influenza Viruses
1520,BSS,broadcasting satellite service
1521,IMO,International Maritime Organization
1522,FVO,Food and Veterinary Office
1523,IRU,indefeasible right of user
1524,WFP,World food programme
1525,AC,alternating current
1526,ARC,Autonomous Republic of Crimea
1527,DDS,double dilution system
1528,PDO,protected designation of origin
1529,ODR,online dispute resolution
1530,CAAP,Civil Aviation Authority of the Philippines
1531,FAO,Food and Agricultural Organisation
1532,SFC,Securities and Futures Commission
1533,ARCSS,Agreement on the Resolution of the Conflict in South Sudan
1534,NC,NC Codice
1535,IA,In Annex
1536,VC,vinyl chloride
1537,HRES,health risk equalisation system
1538,SEPR,seasonal energy performance ratio
1539,IBAP,Intervention Board for Agricultural Produce
1540,FIFG,Financial Instrument for Fisheries Guidance
1541,YPGA,Yeast peptone glucose agar
1542,ESIF,European Structural and Investment Funds
1543,EECU,Engine Electronic Control Unit
1544,ISQC,International Standard on Quality Control
1545,RRC,Relief and Rehabilitation Commission
1546,PDV,Prune dwarf virus
1547,SPPA,Single Public Procurement Authority
1548,IM,internal models
1549,AV,AT0000746409 VER
1550,DTO,Defensie Telematica Organisatie
1551,HPC,headform performance criterion
1552,TLC,thin layer chromatography
1553,DMA,direct market access
1554,VMS,vessel monitoring system
1555,CB,COMMERCIAL BANKING
1556,LF,Liquidity facilities
1557,CH,Command header
1558,BP,bank PKO
1559,SDS,Sodium dodecyl sulphate
1560,SIMD,Single Instruction Multiple Data
1561,BEMPs,best environmental management practices
1562,CPV,common procurement vocabulary
1563,TOC,total organic carbon
1564,MRL,maximum residue level
1565,ES,Espana S.A.
1566,AMC,Alternative means of compliance to the
1567,LEDs,light emitting diodes
1568,ADA,Average Daily Amount
1569,SFAI,Società Fondiaria Agricola Industriale
1570,MiFIR,Markets in Financial Instruments Regulation
1571,TERP,theoretical ex right price or
1572,ICAO,International Civil Aviation Organization
1573,SOC,State Of Charge
1574,FATF,Financial Action Task Force
1575,MF,Master File
1576,ESIS,EUROPEAN STANDARDISED INFORMATION SHEET
1577,ESFS,European System for Financial Supervision
1578,ΑΠΘ,Αριστοτέλειο Πανεπιστήμιο Θεσσαλονίκης
1579,CNRMV,Cherry necrotic rusty mottle virus
1580,IP,improved profitability in the
1581,MRLs,maximum residue limits
1582,SMUs,small and medium-sized undertakings
1583,HEMT,high electron mobility transistors
1584,OSB,oriented strand board
1585,PB,phosphate buffer
1586,ATM,air traffic management
1587,SMEs,small and medium-sized enterprises
1588,RLANs,radio local area networks
1589,ETSI,European Telecommunications Standards Institute
1590,IMO,International Maritime Organisation
1591,ICD,implanted cardioverter defibrillators
1592,CDC,connected with deposits centralised with the
1593,GIC,General Industry criterion
1594,MON,Mixed Oxides of Nitrogen
1595,ICPM,Interim Commission on Phytosanitary Measures
1596,ERIC,Epidemiology Resource and Information Centre
1597,RIV,Regolamento Internazionale Veicoli
1598,SRT,Safety in railway tunnels
1599,LMB,London Metal Bulletin
1600,SDRs,special drawing rights
1601,FCA,Financial Conduct Authority
1602,LA,letter of application to the
1603,OIS,Overnight Index Swap
1604,VRM,variable range marker
1605,ECA,European Council of Artists
1606,CAS,Chemical Abstract Service
1607,CSIs,Common safety indicators 
1608,FPLAs,Field Programmable Logic Arrays
1609,IPA,Investment Promotion Act
1610,FNME,Ferrovie Nord Milano Esercizio
1611,SPL,sailplane pilot licence
1612,ECU,electronic control unit
1613,SPE,Single Point of Entry
1614,NOEC,No observed effect concentration
1615,ARM,Approved Reporting Mechanism
1616,ESA,Electricity Supply Act
1617,EEDI,Energy Efficiency Design Index
1618,BIC,business identifier code
1619,SSRC,Scientific Studies Research Centre
1620,FTP,Fire Test Procedures
1621,DCB,Daedong Credit Bank
1622,PCA,Principal Customs Areas
1623,NSA,National Security Authority
1624,AIFMs,alternative investment fund managers
1625,ΕΜΠ,Εθνικό Μετσόβιο Πολυτεχνείο
1626,BCI,bulk current injection
1627,AHRS,Attitude and Heading Reference Systems
1628,FID,flame ionisation detector
1629,CSFR,Czech and Slovak Federal Republic
1630,MRI,Magnetic Resonance Imaging
1631,GDP,gross domestic product
1632,EDP,excessive deficit procedure
1633,CVA,credit valuation adjustment
1634,OCC,OLIE CONTACT COMMISSIE
1635,GMDSS,global maritime distress and safety system
1636,SNN,Samenwerkingsverband Noord Nederland
1637,MES,marine evacuation system
1638,ALU,annual labour units
1639,MX,Mauritius X
1640,IPN,infectious pancreatic necrosis
1641,EIAH,European Investment Advisory Hub
1642,IFSD,information field size device
1643,SDT,secondary dilution tunnel
1644,IFSD,Information Field Size Device
1645,NRLs,national reference laboratories
1646,DNV,Det Norske Veritas
1647,ECU,Electronic control unit
1648,CAE,combined airworthiness exposition
1649,CDS,credit default swaps
1650,EMS,European Monetary System
1651,CA,cellulose acetate
1652,EIF,European Investment Fund
1653,GEMMs,gilt edged market makers or
1654,ISV,Intermediate statement of verification
1655,DIP,Dissolved Inorganic Phosphorus
1656,MTF,multilateral trading facility
1657,UNECE,United Nations Economic Commission for Europe
1658,DPT,differential pressure transducer
1659,VDS,Vessels Day Scheme
1660,AMPs,aircraft maintenance programmes
1661,FEL,family emission limit
1662,CRM,CREDIT RISK MITIGATION
1663,DVI,digital visual interface
1664,BRRV,Blueberry red ringspot virus
1665,NA,NL0000009132 AKZA
1666,TSD,Trade and Sustainable Development
1667,SAARC,South Asian Association for Regional Cooperation
1668,TEFs,toxic equivalency factors 
1669,APA,approved publication arrangement
1670,PGI,protected geographical indications
1671,EEZ,economic exclusive zone
1672,EIN,European Identification Number
1673,IEC,International Electrotechnical Commission
1674,ITU,International Telecommunication Union
1675,CPA,Classification of Products by Activity
1676,PV,payment volume
1677,ES,Espana SA
1678,MS,measures in support of
1679,SS,SE0000308280 SCVB
1680,OCT,overseas countries or territories
1681,WEU,Western European Union
1682,ESMA,European Securities and Markets Authority
1683,ETNS,European Telephone Numbering Space
1684,WCPFC,Western and Central Pacific Fisheries Commission
1685,SFOC,specific fuel oil consumption
1686,PPS,Protocol parameter selection
1687,RSPG,Radio Spectrum Policy Group
1688,SAF,SOLUTIONS ARUBA f11791
1689,AVIR,Aziende Vetrarie Italiane Ricciardi
1690,IBAN,International Bank Account Number
1691,MIL,Malfunction Indicator Lamp
1692,TEM,threat and error management
1693,MES,Minimum executable size
1694,BMI,Body Mass Index
1695,AMA,Advanced Measurement Approaches
1696,CSIs,Common safety indicators
1697,DSA,Designated Security Authority
1698,PPR,Protection Products and their Residues
1699,AIS,automatic identification Systems
1700,ECA,European Cockpit Association
1701,EU,EUROPEAN UNION
1702,WRAP,Waste and resources action programme
1703,EoI,equivalence of inputs
1704,SB,suction blower
1705,IČO,Identifikační číslo osoby
1706,LPG,liquefied petroleum gas
1707,FAO,Food and Agricultural Organization
1708,NIC,Nordic Industrial Cement
1709,FOPS,Falling Objects Protective Structures
1710,BCI,Bulk current injection
1711,CPLDs,Complex Programmable Logic Devices
1712,AIE,Agricola Industriale Emiliana
1713,WL,word length
1714,ESF,European Social Fund
1715,MSY,maximum sustainable yield
1716,OPS,Organic Physical Scrubbing
1717,LPG,LIQUEFIED PETROLEUM GAS
1718,DA,de azufre
1719,ISU,Implementation Support Unit
1720,ERPG,Emergency Response Planning Guidelines
1721,LPS,Large Point Sources
1722,MRL,maximum residual limit
1723,NCAs,national competent authorities 
1724,VRN,Vehicle Registration Number
1725,OCTs,Overseas countries or territories
1726,API,application programming interface
1727,EEZ,exclusive economic zones
1728,FAME,fatty acid methyl esters
1729,ANP,aircraft noise and performance
1730,DRC,Democratic Republic of Congo
1731,SS,SE0000113250 SKAB
1732,UEI,Utilizzazzioni Elettro Industriali
1733,PSA,Pressure Swing Adsorption
1734,CCLT,cash conduit lending transaction
1735,VU,vehicle unit
1736,ESDC,European Security and Defence College
1737,FFA,Forum Fisheries Agency
1738,TT,transfer tube
1739,ES,E SrCrO4
1740,ICM,integrated crop management
1741,ISCO,International Standard Classification of Occupations
1742,TEG,Technical Expert Group
1743,QRM,Quick Reaction Mechanism
1744,ETD,Estimated time of departure
1745,ICVM,ICAO Coordinated Validation Mission
1746,UN,United Nations
1747,NSAs,NATIONAL SECURITY AUTHORITIES
1748,MI,malfunction indicator
1749,QKD,quantum key distribution
1750,LNG,Liquefied natural gas
1751,CSM,Common Safety Methods
1752,CS,cyclone separater
1753,ISA,International Standard Atmosphere
1754,MRL,maximum residue limits
1755,RPF,Regional Protection Force
1756,ECB,Exxon Chemical Belgium
1757,ILC,International Labour Conference
1758,IEC,International Electrotechnical Committee
1759,AAS,atomic absorption spectrometry
1760,LOEC,lowest observed effect concentration
1761,OPS,Operators Protection Structures
1762,LNG,LIQUEFIED NATURAL GAS
1763,RCDS,raster chart display system
1764,CDC,case with the deposits centralised with the
1765,EP,exhaust pipe
1766,TSCR,total SREP capital requirement
1767,VAMF,vaccine antigen master file
1768,AAUs,Assigned Amount Units or 
1769,SQL,standard quality level
1770,MCRS,minimum conservation reference size
1771,WIKMS,Wojewódzkich Inspektoratów Kontroll Materialu Siewnego
1772,DSC,Digital Selective Calling
1773,AEC,annual energy consumption
1774,AEGL,Acute Exposure Guideline Levels
1775,NTLs,national tariff lines
1776,PEC,predicted environmental concentration
1777,LAS,League of Arab States
1778,IAF,International Accreditation Forum
1779,TNO,toegepast natuurwetenschappelijk onderzoek
1780,CVS,constant volume sampling
1781,ISA,Infectious salmon anaemia
1782,SME,small and medium-sized enterprises
1783,HGVs,heavy goods vehicles
1784,CDs,certificates of deposit
1785,PEC,Predicted Environmental Concentrations
1786,BSA,bovine serum albumin
1787,CSTs,common safety targets
1788,CVRI,Changchun Veterinary Research Institute
1789,ANPR,automatic number plate recognition
1790,ABS,Anti-lock braking system
1791,TIC,total inorganic carbon
1792,RAN,Radio Access Network
1793,TDI,tolerable daily intake
1794,SS,SE0000242455 SWEDA
1795,ATA,Air Transport Association
1796,STEP,Science and technology for environmental protection
1797,LCx,lethal concentration
1798,MDBs,multilateral development banks
1799,UNSCR,United Nations Security Council Resolution
1800,CRAs,credit rating agencies 
1801,ASSVd,Apple scar skin viroid
1802,IMSOC,information management system for official controls
1803,FFPN,FRANCAISE FRISONNE PIE NOIRE
1804,IFRIC,International Financial Reporting Interpretations Committee
1805,AIS,Automatic identification systems
1806,JEV,Joint European Venture
1807,BNFL,BRITISH NUCLEAR FUELS LIMITED
1808,HSVd,Hop stunt viroid
1809,AWRA,Asia Westbound Rate Agreement
1810,IASB,International Accounting Standards Board
1811,CVZ,College voor Zorgverzekeringen
1812,ESO,European Skippers Organisation
1813,ERU,Emission Reduction Units
1814,MV,metering valve
1815,WFP,World Food Programme
1816,CRS,Catholic Relief Service
1817,OHMPs,occupational health medical practitioners
1818,CR,clarification for the reader of this
1819,FSB,Financial Stability Board
1820,SCF,Scientific Committee on Food
1821,HPC,Head performance criterion
1822,SCR,Solvency Capital Requirement
1823,DF,Deterioration Factor
1824,LRIT,Long Range Identification and Tracking
1825,EPNL,effective perceived noise level
1826,ECx,effect concentration
1827,oMFIs,Other Monetary Financial Institutions
1828,DIO,Defence Industries Organization
1829,IATTC,Inter American Tropical Tuna Commission
1830,VIES,VAT information exchange system
1831,BDS,Bachelor of Dental Surgery
1832,ENPI,European Neighbourhood and Partnership Instrument
1833,DLG,Dienst Landelijk Gebied
1834,ARPA,automatic radar plotting aid
1835,THD,Transmitting heading device
1836,TEM,Transverse electromagnetic mode
1837,ESP,Electronic Stability Program
1838,IPLCs,international private leased circuits 
1839,SCCS,Scientific Committee for Consumer Safety
1840,GT,gross tonnage
1841,FAO,Food and Agriculture Organisation
1842,EMUs,electric motored units
1843,EBRD,European Bank for Reconstruction and Development
1844,ARR,Autoritatea Rutieră Română
1845,HNDGS,Hellenic National Defence General Staff
1846,IC,Insurance Committee
1847,MRL,maximum residue limit
1848,GNSS,Global Navigation Satellite System
1849,SPA,Special Protection Area
1850,CSD,CONSTANT SPEED DRIVE
1851,ILAC,International Laboratory Accreditation Cooperation
1852,EMEA,European Medicine Evaluation Agency
1853,EV,Enterprise Value
1854,CNVM,Comisia Naţională a Valorilor Mobiliare
1855,AIFs,Alternative Investment Funds
1856,CRS,computer reservation system
1857,CEPI,Confederation of European Paper Industries
1858,ESC,Electronic stability control
1859,SC,single crystal
1860,SIP,seat index point
1861,EAR,Elementi agricoli ridotti
1862,RDM,Roed dansk maelkerace
1863,ECAIs,external credit assessment institutions
1864,TEF,Toxic Equivalency Factor
1865,CCF,climate correction factor
1866,DIA,Direct investment abroad
1867,SCCP,Scientific Committee on Consumer Products
1868,GAP,Good Agricultural Practice
1869,CEUMC,Chairman of the European Union Military Committee
1870,CDF,Charbonnages de France
1871,CAAS,Chinese Academy of Agricultural Sciences
1872,ECC,Electronic Communications Committee
1873,PSC,Personnel Security Clearance
1874,IPCS,International Programme on Chemical Safety
1875,IVT,initial vocational training
1876,OPCW,Organisation for the Prohibition of Chemical Weapons
1877,CBNM,Central Bureau for Nuclear Measurements
1878,SDS,sodium dodecyl sulphate
1879,ISINs,International Securities Identification Numbers
1880,IU,international units
1881,IP,investigation period or
1882,ITU,International Telecommunications Union
1883,EIOPA,European Insurance and Occupational Pensions Agency
1884,BVD,bovine virus diarrhoea
1885,ICCAT,International Commission for the Conservation of Atlantic Tunas
1886,EATA,Europe Asia Trades Agreement
1887,RCR,Risk Capital Resources
1888,NG,natural gas
1889,IA,I and Annex
1890,IMRO,Irish Music Rights Organisation
1891,WD,working dilution
1892,APLAC,Asia Pacific Laboratory Accreditation Cooperation
1893,EPIRB,Emergency Position Indicating Radio Beacon
1894,ESMA,European Securities Markets Authority
1895,BPLs,balloon pilot licences 
1896,TFEU,Treaty on the Functioning of the European Union the
1897,EMDGS,Export Market Development Grant Scheme
1898,AOEL,acceptable operator exposure level
1899,OML,Operational multi-pilot limitation
1900,EECU,engine electronic control unit
1901,EQS,environmental quality standards
1902,NZEBs,nearly zero energy buildings
1903,MTCR,Missile Technology Control Regime
1904,VDR,Voyage data recorder
1905,ETCS,European Train Control System
1906,AIFM,Alternative Investment Fund Manager
1907,ESS,European Statistical System
1908,VT,ventricular tachycardia
1909,HFID,HSL1.HCHeated flame ionisation detector
1910,SA,STRATEGIC AIR
1911,ISO,International Standard Organisation
1912,UNEP,United Nations Environment Programme
1913,HAC,head acceptability criterion
1914,SPES,Stimulation Plan for Economic Science
1915,CDM,clean development mechanism
1916,FSO,Facility Security Officer
1917,MCR,Minimum Capital Requirement
1918,EVN,European vehicle number
1919,PSSM,Physical Security and Stockpile Management
1920,CRM,Credit risk mitigation
1921,CSDs,Central securities depositories
1922,IC,interoperability constituent
1923,IR,industrial research
1924,DF,Dilution factor
1925,EUA,European Union Allowances
1926,CAAS,CENTRAL ASIAN AVIATION SERVICES
1927,BB,B BA
1928,TIC,Tax Identification Code
1929,IRKK,internationale Røde Kors Komite
1930,EESSI,Electronic Exchange of Social Security Information
1931,GC,gas chromatography
1932,NOx,Nitrogen oxide
1933,CVS,constant volume sampler
1934,TIMS,Thermal ionization mass spectrometers
1935,OC,organic carbon
1936,SFTs,securities financing transactions 
1937,SFP,security function policy
1938,MMF,Money Market Fund
1939,ETSI,European Telecommunications Standardisation Institute
1940,TMGs,touring motor gliders 
1941,GAAP,Generally Accepted Accounting Principles
1942,USA,United States of America the
1943,EFAH,European Forum for the Arts and Heritage
1944,IFRS,International Financial Reporting Standards
1945,PVD,Physical Vapour Deposition
1946,FH,Flight Hours
1947,FASA,Frigorífico argentino San Antonio
1948,CVs,curricula vitae
1949,OOCL,Oriental Overseas Container Line
1950,GL,Germanischer Lloyd
1951,HBS,holistic balance sheet
1952,SFM,Supervisory Formula Method
1953,ADI,admissible daily intake
1954,IA,inserted in Annex
1955,MCC,material change in circumstances
1956,SPA,Sucrose Peptone Agar
1957,HS,harmonized system or
1958,RF,radio frequency
1959,EMCIP,European Marine Casualty Information Platform
1960,GVBaV,Gooseberry vein banding associated viruses
1961,NGE,Net Grant Equivalent.Thus the
1962,SASA,Science and Advice for Scottish Agriculture
1963,API,Advance Passenger Information
1964,CDC,collecting the deposits centralised with the
1965,HACCP,hazard analysis and critical control point
1966,ISWAP,Islamic State West Africa Province
1967,PSPF,pubic symphysis peak force
1968,IBM,International Business Machines
1969,EC,ensure the coherence of the
1970,CAP,common agricultural policy
1971,FI,Facilmente inflamável
1972,PEF,primary energy factor
1973,TVAC,Total viable aerobic count
1974,SL,Sierra Leone
1975,PBCVd,Pear blister canker viroid
1976,MTF,Multilateral Trading Facility
1977,CA,Casino Attikis or
1978,ERTMS,European Rail Traffic Management System
1979,IACA,International Air Carrier Association
1980,CTRs,common technical regulations
1981,CWC,Chemical Weapons Convention
1982,ESNs,European Secured Notes
1983,LV,left ventricle
1984,GC,Gas chromatographic
1985,VPC,Value of Preventing a Casualty
1986,TSI,technical specifications for interoperability
1987,NIF,Note issuance facility
1988,ECAC,European Civil Aviation Conference
1989,IRISL,Islamic Republic of Iran Shipping Lines
1990,IHN,infectious haematopoietic necrosis
1991,CTD,Common Technical Document
1992,OCTs,overseas countries and territories
1993,IC,Integrated Circuit
1994,UCITS,undertakings for collective investment in transferable securities
1995,PSP,particulate sampling probe
1996,IBCs,intermediate bulk containers
1997,LFO,Light Fuel Oil
1998,TRN,Toerisme Recreatie Nederland
1999,ETF,exchange traded fund
2000,EFSA,European Food Safety Authority
2001,ITI,International Tracing Instrument
2002,SFT,securities financing transaction
2003,STP,Sao Tome and Principe
2004,PIB,public investment budget
2005,APS,aerodynamic particle sizer
2006,GFAP,General Framework Agreement for Peace
2007,CA,concerns an application by
2008,OCTs,Overseas Countries and Territories 
2009,SCR,Selective Catalytic Reduction
2010,MON,motor octane number
2011,CW,chemical warfare
2012,CN,Combined Nomenclature under the
2013,SCAN,Scientific Committee on Animal Nutrition
2014,OO,oo OO
2015,RCS,Red Cross Societies
2016,AE,Arab Emirates
2017,BBP,Butyl benzyl phthalate
2018,SMEs,small and medium-sized enterprises 
2019,DCHC,Damascus Cham Holding Company
2020,SGEI,Services of General Economic Interest
2021,WCO,World Customs Organization
2022,DTCs,Diagnostic trouble codes
2023,IR,inductive resistive
2024,HFID,heated flame ionization detector
2025,RON,research octane number
2026,IFSC,Information Field Size Card
2027,UCAR,University Corporation for Atmospheric Research
2028,RO,Recognized Organizations
2029,GMMs,genetically modified micro-organisms
2030,PLO,Palestine Liberation Organisation
2031,GIC,General Industry Criterion
2032,FISIM,Financial intermediation service indirectly measured
2033,EP,electrical power the
2034,CHL,Chinese Hamster Lung
2035,CAO,combined airworthiness organisation
2036,EAR,Elementos agrícolas reduzidos
2037,USO,universal service obligation
2038,BaP,Benzo a ) pyrene
2039,VOC,volatile organic compounds
2040,MMD,Mass Median Diameter
2041,SPe,safety precautions for the environment
2042,CCN,Centre Communication Nord
2043,IHD,ischaemic heart disease
2044,TK,thymidine kinase
2045,BAT,best available techniques
2046,ROPS,Rolling Over Protective Structure
2047,ECVAM,European Centre for the Validation of Alternative Methods
2048,MAR,Market Abuse Regulation
2049,ES,ESPANA SA
2050,MFMP,Major French Mushroom Packers
2051,AIFs,alternative investment funds
2052,SPEC,standard programme energy consumption
2053,EPEC,eco programme energy consumption
2054,SIV,Simian Immunodeficiency Virus
2055,TSE,transmissible spongiform encephalopathies
2056,ECDIS,Electronic Chart and Display Information System
2057,EICP,European Index of Consumer Prices
2058,IC,Inorganic carbon
2059,EFTA,European Free Trade Association
2060,BTI,BINDING TARIFF INFORMATION
2061,HBT,hetero-junction bipolar transistors
2062,TSIs,technical specifications for interoperability 
2063,ESC,Electronic Stability Control
2064,ARM,approved reporting mechanism
2065,RFMOs,Regional fisheries management organisations
2066,BRIS,Business Registers Interconnection System
2067,UBC,United Brands Company
2068,CMV,Cucumber mosaic virus
2069,MPL,multi-crew pilot licence
2070,DCS,direct credit substitutes
2071,GATT,General Agreement on Tariffs and Trade
2072,CLPs,credit loss projections 
2073,CCPR,Codex Committee on Pesticide Residues
2074,UAA,utilized agricultural area
2075,WIKMS,Wojewódzkich Inspektoratów Kontroli Materialu Siewnego
2076,EGR,exhaust gas recirculation
2077,GA,GRS015013006 ALPHA
2078,LLU,Local Loop Unbundling
2079,ROC,Regulatory Oversight Committee
2080,ASTM,American Society for Testing and Materials
2081,FDR,flight data recorder
2082,CVED,Common Veterinary Entry Document
2083,VGA,video graphics array
2084,LEL,lower explosivity limit
2085,CN,contains new
2086,ESAP,Escola Superior Artística do Porto
2087,RTC,Rail Traction Company
2088,CMMs,coordinate measuring machines
2089,CBR,Community Bureau of Reference
2090,ASF,African swine fever
2091,DHS,Data handling system
2092,ISDN,integrated services digital network
2093,MEETS,Modernisation of European Enterprise and Trade Statistics
2094,GATS,General Agreement on Trade in Services
2095,EEI,Energy Efficiency Index
2096,EPWC,Eco programme water consumption
2097,POPs,persistent organic pollutants
2098,CC,Consiliul Concurenţei
2099,SSRC,Scientific Studies and Research Center
2100,ECSC,European Coal and Steel Community
2101,NTN,NUCLEAR TECHNOLOGY NOTE
2102,CA,CAPITAL ADEQUACY
